Model,Accuracy,Precision,Recall,F1-Score,ROC-AUC
random_forest,0.9930643127364439,0.9931295739079699,0.9930643127364439,0.9918182184797203,0.9982259386501576
lightgbm,0.9924337957124842,0.9918283523735094,0.9924337957124842,0.992035825399471,0.998894391760215
pytorch_mlp,0.9918032786885246,0.9913934132626006,0.9918032786885246,0.9912303502765191,0.9976666043640984
xgboost,0.9911727616645649,0.9905697227922216,0.9911727616645649,0.9906776498439427,0.9985837152314203
logistic_regression,0.9905422446406053,0.9899652587414465,0.9905422446406053,0.9897123145086514,0.9975454947268011
gradient_boosting,0.9886506935687264,0.9874248701354377,0.9886506935687264,0.987987583756423,0.9960457250118796
dense_nn,0.0,0.0,0.0,0.0,0.0
wide_deep,0.0,0.0,0.0,0.0,0.0
deep_nn,0.0,0.0,0.0,0.0,0.0
